DFCBTC,DFC-BTC,BTC-DFC
AGLDBTC,AGLD-BTC,BTC-AGLD
IPLBTC,IPL-BTC,BTC-IPL
GLMBTC,GLM-BTC,BTC-GLM
NEARBTC,NEAR-BTC,BTC-NEAR
AUDIOBTC,AUDIO-BTC,BTC-AUDIO
IPXBTC,IPX-BTC,BTC-IPX
REVVBTC,REVV-BTC,BTC-REVV
XNOBTC,XNO-BTC,BTC-XNO
MIMOBTC,MIMO-BTC,BTC-MIMO
DGBBTC,DGB-BTC,BTC-DGB
ZRXBTC,ZRX-BTC,BTC-ZRX
JULDBTC,JULD-BTC,BTC-JULD
SANTOSBTC,SANTOS-BTC,BTC-SANTOS
BCDBTC,BCD-BTC,BTC-BCD
BCHBTC,BCH-BTC,BTC-BCH
JSTBTC,JST-BTC,BTC-JST
ZSCBTC,ZSC-BTC,BTC-ZSC
CELBTC,CEL-BTC,BTC-CEL
HOTBTC,HOT-BTC,BTC-HOT
BCNBTC,BCN-BTC,BTC-BCN
GMTBTC,GMT-BTC,BTC-GMT
ARBTC,AR-BTC,BTC-AR
RAMPBTC,RAMP-BTC,BTC-RAMP
PASSBTC,PASS-BTC,BTC-PASS
ABBCBTC,ABBC-BTC,BTC-ABBC
RCNBTC,RCN-BTC,BTC-RCN
IGNISBTC,IGNIS-BTC,BTC-IGNIS
BDGBTC,BDG-BTC,BTC-BDG
GNOBTC,GNO-BTC,BTC-GNO
FLPBTC,FLP-BTC,BTC-FLP
BDPBTC,BDP-BTC,BTC-BDP
GNXBTC,GNX-BTC,BTC-GNX
TBTC,T-BTC,BTC-T
BDXBTC,BDX-BTC,BTC-BDX
XPRBTC,XPR-BTC,BTC-XPR
SFPBTC,SFP-BTC,BTC-SFP
SEELEBTC,SEELE-BTC,BTC-SEELE
GOFBTC,GOF-BTC,BTC-GOF
ARDRBTC,ARDR-BTC,BTC-ARDR
VLXBTC,VLX-BTC,BTC-VLX
NEBLBTC,NEBL-BTC,BTC-NEBL
ACHBTC,ACH-BTC,BTC-ACH
AXPRBTC,AXPR-BTC,BTC-AXPR
EKOBTC,EKO-BTC,BTC-EKO
MINABTC,MINA-BTC,BTC-MINA
VTHOBTC,VTHO-BTC,BTC-VTHO
SALTBTC,SALT-BTC,BTC-SALT
CWBTC,CW-BTC,BTC-CW
WOOBTC,WOO-BTC,BTC-WOO
REIBTC,REI-BTC,BTC-REI
RENBTC,REN-BTC,BTC-REN
REMBTC,REM-BTC,BTC-REM
REPBTC,REP-BTC,BTC-REP
ELFBTC,ELF-BTC,BTC-ELF
ADABTC,ADA-BTC,BTC-ADA
REQBTC,REQ-BTC,BTC-REQ
STORJBTC,STORJ-BTC,BTC-STORJ
PARBTC,PAR-BTC,BTC-PAR
RARIBTC,RARI-BTC,BTC-RARI
BZRXBTC,BZRX-BTC,BTC-BZRX
TONCOINBTC,TONCOIN-BTC,BTC-TONCOIN
REVBTC,REV-BTC,BTC-REV
STARLBTC,STARL-BTC,BTC-STARL
RAREBTC,RARE-BTC,BTC-RARE
PAXGBTC,PAXG-BTC,BTC-PAXG
PAYBTC,PAY-BTC,BTC-PAY
CHRBTC,CHR-BTC,BTC-CHR
WAVESBTC,WAVES-BTC,BTC-WAVES
GLEECBTC,GLEEC-BTC,BTC-GLEEC
CHZBTC,CHZ-BTC,BTC-CHZ
GASPBTC,GASP-BTC,BTC-GASP
CEEKBTC,CEEK-BTC,BTC-CEEK
XRPBTC,XRP-BTC,BTC-XRP
JASMYBTC,JASMY-BTC,BTC-JASMY
EMCBTC,EMC-BTC,BTC-EMC
POLISBTC,POLIS-BTC,BTC-POLIS
RFRBTC,RFR-BTC,BTC-RFR
FIDABTC,FIDA-BTC,BTC-FIDA
PEARLBTC,PEARL-BTC,BTC-PEARL
SANDBTC,SAND-BTC,BTC-SAND
OCEANBTC,OCEAN-BTC,BTC-OCEAN
UMABTC,UMA-BTC,BTC-UMA
SCRTBTC,SCRT-BTC,BTC-SCRT
WLXTBTC,WLXT-BTC,BTC-WLXT
RGTBTC,RGT-BTC,BTC-RGT
ENJBTC,ENJ-BTC,BTC-ENJ
YFIIBTC,YFII-BTC,BTC-YFII
OAXBTC,OAX-BTC,BTC-OAX
GRTBTC,GRT-BTC,BTC-GRT
TFUELBTC,TFUEL-BTC,BTC-TFUEL
ENSBTC,ENS-BTC,BTC-ENS
UNIBTC,UNI-BTC,BTC-UNI
LOANBTC,LOAN-BTC,BTC-LOAN
HUBBTC,HUB-BTC,BTC-HUB
TLMBTC,TLM-BTC,BTC-TLM
SBTCBTC,SBTC-BTC,BTC-SBTC
CKBBTC,CKB-BTC,BTC-CKB
WRXBTC,WRX-BTC,BTC-WRX
LUNCBTC,LUNC-BTC,BTC-LUNC
XTZBTC,XTZ-BTC,BTC-XTZ
LUNABTC,LUNA-BTC,BTC-LUNA
XUCBTC,XUC-BTC,BTC-XUC
EOSBTC,EOS-BTC,BTC-EOS
GSTBTC,GST-BTC,BTC-GST
SWFTCBTC,SWFTC-BTC,BTC-SWFTC
BITBTC,BIT-BTC,BTC-BIT
RIFBTC,RIF-BTC,BTC-RIF
OCCBTC,OCC-BTC,BTC-OCC
SKLBTC,SKL-BTC,BTC-SKL
GTCBTC,GTC-BTC,BTC-GTC
UOSBTC,UOS-BTC,BTC-UOS
SOLOBTC,SOLO-BTC,BTC-SOLO
OCNBTC,OCN-BTC,BTC-OCN
HVNBTC,HVN-BTC,BTC-HVN
NAVBTC,NAV-BTC,BTC-NAV
BYTZBTC,BYTZ-BTC,BTC-BYTZ
VRABTC,VRA-BTC,BTC-VRA
MITXBTC,MITX-BTC,BTC-MITX
CLOBTC,CLO-BTC,BTC-CLO
TNCBTC,TNC-BTC,BTC-TNC
XVGBTC,XVG-BTC,BTC-XVG
CLTBTC,CLT-BTC,BTC-CLT
HTBTC,HT-BTC,BTC-HT
FLOWBTC,FLOW-BTC,BTC-FLOW
XVSBTC,XVS-BTC,BTC-XVS
SLPBTC,SLP-BTC,BTC-SLP
SMARTBTC,SMART-BTC,BTC-SMART
CRDTBTC,CRDT-BTC,BTC-CRDT
LAZIOBTC,LAZIO-BTC,BTC-LAZIO
IQBTC,IQ-BTC,BTC-IQ
DOTBTC,DOT-BTC,BTC-DOT
CENNZBTC,CENNZ-BTC,BTC-CENNZ
MYSTBTC,MYST-BTC,BTC-MYST
DOVBTC,DOV-BTC,BTC-DOV
EQXBTC,EQX-BTC,BTC-EQX
1INCHBTC,1INCH-BTC,BTC-1INCH
CHESSBTC,CHESS-BTC,BTC-CHESS
MITHBTC,MITH-BTC,BTC-MITH
BERRYBTC,BERRY-BTC,BTC-BERRY
CNDBTC,CND-BTC,BTC-CND
MANBTC,MAN-BTC,BTC-MAN
SMTBTC,SMT-BTC,BTC-SMT
NCTBTC,NCT-BTC,BTC-NCT
FTMBTC,FTM-BTC,BTC-FTM
EVERBTC,EVER-BTC,BTC-EVER
POWRBTC,POWR-BTC,BTC-POWR
FTTBTC,FTT-BTC,BTC-FTT
CNSBTC,CNS-BTC,BTC-CNS
SNCBTC,SNC-BTC,BTC-SNC
PHBBTC,PHB-BTC,BTC-PHB
ATOMBTC,ATOM-BTC,BTC-ATOM
MBLBTC,MBL-BTC,BTC-MBL
MTLXBTC,MTLX-BTC,BTC-MTLX
SNTBTC,SNT-BTC,BTC-SNT
SNXBTC,SNX-BTC,BTC-SNX
FUNBTC,FUN-BTC,BTC-FUN
CVNXBTC,CVNX-BTC,BTC-CVNX
WLITIBTC,WLITI-BTC,BTC-WLITI
LTNMBTC,LTNM-BTC,BTC-LTNM
API3BTC,API3-BTC,BTC-API3
USGBTC,USG-BTC,BTC-USG
SATTBTC,SATT-BTC,BTC-SATT
QKCBTC,QKC-BTC,BTC-QKC
ROSEBTC,ROSE-BTC,BTC-ROSE
CHSBBTC,CHSB-BTC,BTC-CHSB
COVBTC,COV-BTC,BTC-COV
XYMBTC,XYM-BTC,BTC-XYM
XYOBTC,XYO-BTC,BTC-XYO
SOLBTC,SOL-BTC,BTC-SOL
CITYBTC,CITY-BTC,BTC-CITY
ETCBTC,ETC-BTC,BTC-ETC
BNBBTC,BNB-BTC,BTC-BNB
BTMCBTC,BTMC-BTC,BTC-BTMC
CELRBTC,CELR-BTC,BTC-CELR
OGNBTC,OGN-BTC,BTC-OGN
ETHBTC,ETH-BTC,BTC-ETH
NEOBTC,NEO-BTC,BTC-NEO
CELOBTC,CELO-BTC,BTC-CELO
TOMOBTC,TOMO-BTC,BTC-TOMO
KLAYBTC,KLAY-BTC,BTC-KLAY
AUCTIONBTC,AUCTION-BTC,BTC-AUCTION
ETLBTC,ETL-BTC,BTC-ETL
BADGERBTC,BADGER-BTC,BTC-BADGER
BNKBTC,BNK-BTC,BTC-BNK
ETNBTC,ETN-BTC,BTC-ETN
ETPBTC,ETP-BTC,BTC-ETP
SPCBTC,SPC-BTC,BTC-SPC
BNTBTC,BNT-BTC,BTC-BNT
VALUEBTC,VALUE-BTC,BTC-VALUE
MAIDBTC,MAID-BTC,BTC-MAID
BNXBTC,BNX-BTC,BTC-BNX
UTKBTC,UTK-BTC,BTC-UTK
SPIBTC,SPI-BTC,BTC-SPI
UTTBTC,UTT-BTC,BTC-UTT
MCBTC,MC-BTC,BTC-MC
TRUBTC,TRU-BTC,BTC-TRU
AMBBTC,AMB-BTC,BTC-AMB
MGBTC,MG-BTC,BTC-MG
TRXBTC,TRX-BTC,BTC-TRX
MDTBTC,MDT-BTC,BTC-MDT
MDXBTC,MDX-BTC,BTC-MDX
AMPBTC,AMP-BTC,BTC-AMP
ARNXBTC,ARNX-BTC,BTC-ARNX
NULSBTC,NULS-BTC,BTC-NULS
NGCBTC,NGC-BTC,BTC-NGC
AUTOBTC,AUTO-BTC,BTC-AUTO
UUUBTC,UUU-BTC,BTC-UUU
PKTBTC,PKT-BTC,BTC-PKT
EGLDBTC,EGLD-BTC,BTC-EGLD
SPELLBTC,SPELL-BTC,BTC-SPELL
LCXBTC,LCX-BTC,BTC-LCX
BOSONBTC,BOSON-BTC,BTC-BOSON
PLABTC,PLA-BTC,BTC-PLA
EVXBTC,EVX-BTC,BTC-EVX
CRVBTC,CRV-BTC,BTC-CRV
BAKEBTC,BAKE-BTC,BTC-BAKE
PLIBTC,PLI-BTC,BTC-PLI
LEVLBTC,LEVL-BTC,BTC-LEVL
SRMBTC,SRM-BTC,BTC-SRM
TORNBTC,TORN-BTC,BTC-TORN
QNTBTC,QNT-BTC,BTC-QNT
PLRBTC,PLR-BTC,BTC-PLR
ALICEBTC,ALICE-BTC,BTC-ALICE
BIZZBTC,BIZZ-BTC,BTC-BIZZ
PLUBTC,PLU-BTC,BTC-PLU
MFTBTC,MFT-BTC,BTC-MFT
OMBTC,OM-BTC,BTC-OM
PMABTC,PMA-BTC,BTC-PMA
OKBBTC,OKB-BTC,BTC-OKB
BETABTC,BETA-BTC,BTC-BETA
ORMEUSBTC,ORMEUS-BTC,BTC-ORMEUS
NIMBTC,NIM-BTC,BTC-NIM
BRDBTC,BRD-BTC,BTC-BRD
APEBTC,APE-BTC,BTC-APE
LEOBTC,LEO-BTC,BTC-LEO
KCSBTC,KCS-BTC,BTC-KCS
CTKBTC,CTK-BTC,BTC-CTK
ARPABTC,ARPA-BTC,BTC-ARPA
ALCXBTC,ALCX-BTC,BTC-ALCX
MATICBTC,MATIC-BTC,BTC-MATIC
STCBTC,STC-BTC,BTC-STC
APTBTC,APT-BTC,BTC-APT
ZAPBTC,ZAP-BTC,BTC-ZAP
SHIBBTC,SHIB-BTC,BTC-SHIB
FRONTBTC,FRONT-BTC,BTC-FRONT
PNTBTC,PNT-BTC,BTC-PNT
QIBTC,QI-BTC,BTC-QI
DENTBTC,DENT-BTC,BTC-DENT
BCPTBTC,BCPT-BTC,BTC-BCPT
MBOXBTC,MBOX-BTC,BTC-MBOX
SUBBTC,SUB-BTC,BTC-SUB
CURBTC,CUR-BTC,BTC-CUR
POABTC,POA-BTC,BTC-POA
BSVBTC,BSV-BTC,BTC-BSV
IOSTBTC,IOST-BTC,BTC-IOST
CAKEBTC,CAKE-BTC,BTC-CAKE
POEBTC,POE-BTC,BTC-POE
OMGBTC,OMG-BTC,BTC-OMG
SUNBTC,SUN-BTC,BTC-SUN
ARRRBTC,ARRR-BTC,BTC-ARRR
RSRBTC,RSR-BTC,BTC-RSR
NKNBTC,NKN-BTC,BTC-NKN
TWTBTC,TWT-BTC,BTC-TWT
CVCBTC,CVC-BTC,BTC-CVC
IOTABTC,IOTA-BTC,BTC-IOTA
REEFBTC,REEF-BTC,BTC-REEF
BTGBTC,BTG-BTC,BTC-BTG
MIRBTC,MIR-BTC,BTC-MIR
ARKBTC,ARK-BTC,BTC-ARK
LOKABTC,LOKA-BTC,BTC-LOKA
CVPBTC,CVP-BTC,BTC-CVP
KEYBTC,KEY-BTC,BTC-KEY
CVTBTC,CVT-BTC,BTC-CVT
PPCBTC,PPC-BTC,BTC-PPC
ARVBTC,ARV-BTC,BTC-ARV
ONEBTC,ONE-BTC,BTC-ONE
ADXNBTC,ADXN-BTC,BTC-ADXN
CSOVBTC,CSOV-BTC,BTC-CSOV
ONGBTC,ONG-BTC,BTC-ONG
ANKRBTC,ANKR-BTC,BTC-ANKR
SUSHIBTC,SUSHI-BTC,BTC-SUSHI
ALGOBTC,ALGO-BTC,BTC-ALGO
USNOTABTC,USNOTA-BTC,BTC-USNOTA
WBTCBTC,WBTC-BTC,BTC-WBTC
ONTBTC,ONT-BTC,BTC-ONT
PPTBTC,PPT-BTC,BTC-PPT
DGTXBTC,DGTX-BTC,BTC-DGTX
ASPBTC,ASP-BTC,BTC-ASP
FIROBTC,FIRO-BTC,BTC-FIRO
HEDGBTC,HEDG-BTC,BTC-HEDG
MANABTC,MANA-BTC,BTC-MANA
SWMBTC,SWM-BTC,BTC-SWM
STAKBTC,STAK-BTC,BTC-STAK
ATABTC,ATA-BTC,BTC-ATA
SWTBTC,SWT-BTC,BTC-SWT
NMRBTC,NMR-BTC,BTC-NMR
MKRBTC,MKR-BTC,BTC-MKR
DODOBTC,DODO-BTC,BTC-DODO
ICPBTC,ICP-BTC,BTC-ICP
ZECBTC,ZEC-BTC,BTC-ZEC
ATMBTC,ATM-BTC,BTC-ATM
CUTEBTC,CUTE-BTC,BTC-CUTE
APPCBTC,APPC-BTC,BTC-APPC
ICXBTC,ICX-BTC,BTC-ICX
TTBTC,TT-BTC,BTC-TT
ZENBTC,ZEN-BTC,BTC-ZEN
TVBTC,TV-BTC,BTC-TV
LOOMBTC,LOOM-BTC,BTC-LOOM
PREBTC,PRE-BTC,BTC-PRE
DUSKBTC,DUSK-BTC,BTC-DUSK
ALPHABTC,ALPHA-BTC,BTC-ALPHA
DOGEBTC,DOGE-BTC,BTC-DOGE
SXPBTC,SXP-BTC,BTC-SXP
HBARBTC,HBAR-BTC,BTC-HBAR
BCUGBTC,BCUG-BTC,BTC-BCUG
PROBTC,PRO-BTC,BTC-PRO
IDHBTC,IDH-BTC,BTC-IDH
MLNBTC,MLN-BTC,BTC-MLN
AUCBTC,AUC-BTC,BTC-AUC
XPNTBTC,XPNT-BTC,BTC-XPNT
CTSIBTC,CTSI-BTC,BTC-CTSI
C98BTC,C98-BTC,BTC-C98
PSLBTC,PSL-BTC,BTC-PSL
CRPTBTC,CRPT-BTC,BTC-CRPT
AVABTC,AVA-BTC,BTC-AVA
COCOSBTC,COCOS-BTC,BTC-COCOS
KINBTC,KIN-BTC,BTC-KIN
GASBTC,GAS-BTC,BTC-GAS
CROOLDBTC,CROOLD-BTC,BTC-CROOLD
XCHBTC,XCH-BTC,BTC-XCH
STRATBTC,STRAT-BTC,BTC-STRAT
THETABTC,THETA-BTC,BTC-THETA
VSYSBTC,VSYS-BTC,BTC-VSYS
INSURBTC,INSUR-BTC,BTC-INSUR
XCNBTC,XCN-BTC,BTC-XCN
TTCCBTC,TTCC-BTC,BTC-TTCC
NEXOBTC,NEXO-BTC,BTC-NEXO
ORNBTC,ORN-BTC,BTC-ORN
PERLBTC,PERL-BTC,BTC-PERL
PTOYBTC,PTOY-BTC,BTC-PTOY
MASKBTC,MASK-BTC,BTC-MASK
FRINBTC,FRIN-BTC,BTC-FRIN
AAVEBTC,AAVE-BTC,BTC-AAVE
XDCBTC,XDC-BTC,BTC-XDC
PERPBTC,PERP-BTC,BTC-PERP
YFIBTC,YFI-BTC,BTC-YFI
MOBBTC,MOB-BTC,BTC-MOB
XDNBTC,XDN-BTC,BTC-XDN
TIMEBTC,TIME-BTC,BTC-TIME
BICOBTC,BICO-BTC,BTC-BICO
XECBTC,XEC-BTC,BTC-XEC
YGGBTC,YGG-BTC,BTC-YGG
AXSBTC,AXS-BTC,BTC-AXS
ZILBTC,ZIL-BTC,BTC-ZIL
XEMBTC,XEM-BTC,BTC-XEM
CTXCBTC,CTXC-BTC,BTC-CTXC
TRACBTC,TRAC-BTC,BTC-TRAC
AYABTC,AYA-BTC,BTC-AYA
DACXIBTC,DACXI-BTC,BTC-DACXI
ABYSSBTC,ABYSS-BTC,BTC-ABYSS
COMPBTC,COMP-BTC,BTC-COMP
IHTBTC,IHT-BTC,BTC-IHT
HFTBTC,HFT-BTC,BTC-HFT
RUNEBTC,RUNE-BTC,BTC-RUNE
LOCBTC,LOC-BTC,BTC-LOC
DAPPBTC,DAPP-BTC,BTC-DAPP
FORTHBTC,FORTH-BTC,BTC-FORTH
GHSTBTC,GHST-BTC,BTC-GHST
KMDBTC,KMD-BTC,BTC-KMD
IDEXBTC,IDEX-BTC,BTC-IDEX
DEXEBTC,DEXE-BTC,BTC-DEXE
AVAXBTC,AVAX-BTC,BTC-AVAX
KNCBTC,KNC-BTC,BTC-KNC
ZKSBTC,ZKS-BTC,BTC-ZKS
CHATBTC,CHAT-BTC,BTC-CHAT
LPTBTC,LPT-BTC,BTC-LPT
HIVEBTC,HIVE-BTC,BTC-HIVE
G999BTC,G999-BTC,BTC-G999
FDZBTC,FDZ-BTC,BTC-FDZ
PORTOBTC,PORTO-BTC,BTC-PORTO
BTRSTBTC,BTRST-BTC,BTC-BTRST
PYRBTC,PYR-BTC,BTC-PYR
WAXPBTC,WAXP-BTC,BTC-WAXP
SUKUBTC,SUKU-BTC,BTC-SUKU
DAGBTC,DAG-BTC,BTC-DAG
POA20BTC,POA20-BTC,BTC-POA20
NUTBTC,NUT-BTC,BTC-NUT
XAURBTC,XAUR-BTC,BTC-XAUR
RAISEBTC,RAISE-BTC,BTC-RAISE
GRINBTC,GRIN-BTC,BTC-GRIN
HITBTC,HIT-BTC,BTC-HIT
DARBTC,DAR-BTC,BTC-DAR
DAVBTC,DAV-BTC,BTC-DAV
LRCBTC,LRC-BTC,BTC-LRC
MTHBTC,MTH-BTC,BTC-MTH
VETBTC,VET-BTC,BTC-VET
ALPACABTC,ALPACA-BTC,BTC-ALPACA
EDGBTC,EDG-BTC,BTC-EDG
HTMLBTC,HTML-BTC,BTC-HTML
OXTBTC,OXT-BTC,BTC-OXT
DASHBTC,DASH-BTC,BTC-DASH
SWRVBTC,SWRV-BTC,BTC-SWRV
MTXBTC,MTX-BTC,BTC-MTX
ILVBTC,ILV-BTC,BTC-ILV
WIKIBTC,WIKI-BTC,BTC-WIKI
BTCSTBTC,BTCST-BTC,BTC-BTCST
NWCBTC,NWC-BTC,BTC-NWC
JOEBTC,JOE-BTC,BTC-JOE
LSKBTC,LSK-BTC,BTC-LSK
DCRBTC,DCR-BTC,BTC-DCR
IMXBTC,IMX-BTC,BTC-IMX
DATABTC,DATA-BTC,BTC-DATA
LTCBTC,LTC-BTC,BTC-LTC
WINBTC,WIN-BTC,BTC-WIN
SENTBTC,SENT-BTC,BTC-SENT
STETHBTC,STETH-BTC,BTC-STETH
INJBTC,INJ-BTC,BTC-INJ
CBCBTC,CBC-BTC,BTC-CBC
VGXBTC,VGX-BTC,BTC-VGX
TRIBEBTC,TRIBE-BTC,BTC-TRIBE
EFIBTC,EFI-BTC,BTC-EFI
DYDXBTC,DYDX-BTC,BTC-DYDX
NXTBTC,NXT-BTC,BTC-NXT
PONDBTC,POND-BTC,BTC-POND
LINABTC,LINA-BTC,BTC-LINA
SBDBTC,SBD-BTC,BTC-SBD
XLMBTC,XLM-BTC,BTC-XLM
LINKBTC,LINK-BTC,BTC-LINK
QTUMBTC,QTUM-BTC,BTC-QTUM
DATXBTC,DATX-BTC,BTC-DATX
SUPERBTC,SUPER-BTC,BTC-SUPER
POLSBTC,POLS-BTC,BTC-POLS
KSMBTC,KSM-BTC,BTC-KSM
FILBTC,FIL-BTC,BTC-FIL
RNDRBTC,RNDR-BTC,BTC-RNDR
BALBTC,BAL-BTC,BTC-BAL
HMQBTC,HMQ-BTC,BTC-HMQ
VIBBTC,VIB-BTC,BTC-VIB
GALABTC,GALA-BTC,BTC-GALA
XMCBTC,XMC-BTC,BTC-XMC
STNDBTC,STND-BTC,BTC-STND
RADBTC,RAD-BTC,BTC-RAD
BATBTC,BAT-BTC,BTC-BAT
AKROBTC,AKRO-BTC,BTC-AKRO
MOVRBTC,MOVR-BTC,BTC-MOVR
TELBTC,TEL-BTC,BTC-TEL
XMRBTC,XMR-BTC,BTC-XMR
COTIBTC,COTI-BTC,BTC-COTI
XMTBTC,XMT-BTC,BTC-XMT
MATICETH,MATIC-ETH,ETH-MATIC
STCETH,STC-ETH,ETH-STC
IPLETH,IPL-ETH,ETH-IPL
ZAPETH,ZAP-ETH,ETH-ZAP
GLMETH,GLM-ETH,ETH-GLM
FRONTETH,FRONT-ETH,ETH-FRONT
NEARETH,NEAR-ETH,ETH-NEAR
PNTETH,PNT-ETH,ETH-PNT
DENTETH,DENT-ETH,ETH-DENT
XNOETH,XNO-ETH,ETH-XNO
BCPTETH,BCPT-ETH,ETH-BCPT
DGBETH,DGB-ETH,ETH-DGB
ZRXETH,ZRX-ETH,ETH-ZRX
CURETH,CUR-ETH,ETH-CUR
SUBETH,SUB-ETH,ETH-SUB
POAETH,POA-ETH,ETH-POA
BCHETH,BCH-ETH,ETH-BCH
POEETH,POE-ETH,ETH-POE
OMGETH,OMG-ETH,ETH-OMG
ZSCETH,ZSC-ETH,ETH-ZSC
CELETH,CEL-ETH,ETH-CEL
BCNETH,BCN-ETH,ETH-BCN
GMTETH,GMT-ETH,ETH-GMT
IOTAETH,IOTA-ETH,ETH-IOTA
BTGETH,BTG-ETH,ETH-BTG
PASSETH,PASS-ETH,ETH-PASS
RCNETH,RCN-ETH,ETH-RCN
IGNISETH,IGNIS-ETH,ETH-IGNIS
KEYETH,KEY-ETH,ETH-KEY
CVTETH,CVT-ETH,ETH-CVT
BDGETH,BDG-ETH,ETH-BDG
ADXNETH,ADXN-ETH,ETH-ADXN
GNOETH,GNO-ETH,ETH-GNO
FLPETH,FLP-ETH,ETH-FLP
ALGOETH,ALGO-ETH,ETH-ALGO
USNOTAETH,USNOTA-ETH,ETH-USNOTA
BDPETH,BDP-ETH,ETH-BDP
GNXETH,GNX-ETH,ETH-GNX
WBTCETH,WBTC-ETH,ETH-WBTC
ONTETH,ONT-ETH,ETH-ONT
PPTETH,PPT-ETH,ETH-PPT
BDXETH,BDX-ETH,ETH-BDX
DGTXETH,DGTX-ETH,ETH-DGTX
FIROETH,FIRO-ETH,ETH-FIRO
MANAETH,MANA-ETH,ETH-MANA
NEBLETH,NEBL-ETH,ETH-NEBL
AXPRETH,AXPR-ETH,ETH-AXPR
SWMETH,SWM-ETH,ETH-SWM
EKOETH,EKO-ETH,ETH-EKO
SALTETH,SALT-ETH,ETH-SALT
SWTETH,SWT-ETH,ETH-SWT
MKRETH,MKR-ETH,ETH-MKR
ZECETH,ZEC-ETH,ETH-ZEC
REMETH,REM-ETH,ETH-REM
REPETH,REP-ETH,ETH-REP
APPCETH,APPC-ETH,ETH-APPC
CUTEETH,CUTE-ETH,ETH-CUTE
ADAETH,ADA-ETH,ETH-ADA
ICXETH,ICX-ETH,ETH-ICX
STORJETH,STORJ-ETH,ETH-STORJ
ZENETH,ZEN-ETH,ETH-ZEN
TVETH,TV-ETH,ETH-TV
LOOMETH,LOOM-ETH,ETH-LOOM
PREETH,PRE-ETH,ETH-PRE
DOGEETH,DOGE-ETH,ETH-DOGE
PAYETH,PAY-ETH,ETH-PAY
HBARETH,HBAR-ETH,ETH-HBAR
BCUGETH,BCUG-ETH,ETH-BCUG
PROETH,PRO-ETH,ETH-PRO
IDHETH,IDH-ETH,ETH-IDH
MLNETH,MLN-ETH,ETH-MLN
AUCETH,AUC-ETH,ETH-AUC
WAVESETH,WAVES-ETH,ETH-WAVES
CHZETH,CHZ-ETH,ETH-CHZ
XPNTETH,XPNT-ETH,ETH-XPNT
XRPETH,XRP-ETH,ETH-XRP
EMCETH,EMC-ETH,ETH-EMC
NOFETH,NOF-ETH,ETH-NOF
AVAETH,AVA-ETH,ETH-AVA
KINETH,KIN-ETH,ETH-KIN
GASETH,GAS-ETH,ETH-GAS
CROOLDETH,CROOLD-ETH,ETH-CROOLD
STRATETH,STRAT-ETH,ETH-STRAT
ENJETH,ENJ-ETH,ETH-ENJ
OAXETH,OAX-ETH,ETH-OAX
NEXOETH,NEXO-ETH,ETH-NEXO
PTOYETH,PTOY-ETH,ETH-PTOY
AAVEETH,AAVE-ETH,ETH-AAVE
UNIETH,UNI-ETH,ETH-UNI
LOANETH,LOAN-ETH,ETH-LOAN
HUBETH,HUB-ETH,ETH-HUB
XDCETH,XDC-ETH,ETH-XDC
SBTCETH,SBTC-ETH,ETH-SBTC
LUNCETH,LUNC-ETH,ETH-LUNC
XTZETH,XTZ-ETH,ETH-XTZ
LUNAETH,LUNA-ETH,ETH-LUNA
XDNETH,XDN-ETH,ETH-XDN
XUCETH,XUC-ETH,ETH-XUC
EOSETH,EOS-ETH,ETH-EOS
GSTETH,GST-ETH,ETH-GST
TIMEETH,TIME-ETH,ETH-TIME
SWFTCETH,SWFTC-ETH,ETH-SWFTC
BITETH,BIT-ETH,ETH-BIT
OCCETH,OCC-ETH,ETH-OCC
OCNETH,OCN-ETH,ETH-OCN
XEMETH,XEM-ETH,ETH-XEM
HVNETH,HVN-ETH,ETH-HVN
VRAETH,VRA-ETH,ETH-VRA
MITXETH,MITX-ETH,ETH-MITX
CLOETH,CLO-ETH,ETH-CLO
TRACETH,TRAC-ETH,ETH-TRAC
XVGETH,XVG-ETH,ETH-XVG
ABYSSETH,ABYSS-ETH,ETH-ABYSS
COMPETH,COMP-ETH,ETH-COMP
IHTETH,IHT-ETH,ETH-IHT
SMARTETH,SMART-ETH,ETH-SMART
CRDTETH,CRDT-ETH,ETH-CRDT
KMDETH,KMD-ETH,ETH-KMD
CENNZETH,CENNZ-ETH,ETH-CENNZ
DOTETH,DOT-ETH,ETH-DOT
MYSTETH,MYST-ETH,ETH-MYST
DOVETH,DOV-ETH,ETH-DOV
DEXEETH,DEXE-ETH,ETH-DEXE
AVAXETH,AVAX-ETH,ETH-AVAX
BERRYETH,BERRY-ETH,ETH-BERRY
MITHETH,MITH-ETH,ETH-MITH
CNDETH,CND-ETH,ETH-CND
SMTETH,SMT-ETH,ETH-SMT
MANETH,MAN-ETH,ETH-MAN
NCTETH,NCT-ETH,ETH-NCT
FTMETH,FTM-ETH,ETH-FTM
EVERETH,EVER-ETH,ETH-EVER
POWRETH,POWR-ETH,ETH-POWR
KNCETH,KNC-ETH,ETH-KNC
FTTETH,FTT-ETH,ETH-FTT
CHATETH,CHAT-ETH,ETH-CHAT
SNCETH,SNC-ETH,ETH-SNC
ATOMETH,ATOM-ETH,ETH-ATOM
G999ETH,G999-ETH,ETH-G999
SNTETH,SNT-ETH,ETH-SNT
SNXETH,SNX-ETH,ETH-SNX
FDZETH,FDZ-ETH,ETH-FDZ
FUNETH,FUN-ETH,ETH-FUN
CVNXETH,CVNX-ETH,ETH-CVNX
USGETH,USG-ETH,ETH-USG
QKCETH,QKC-ETH,ETH-QKC
WAXPETH,WAXP-ETH,ETH-WAXP
CHSBETH,CHSB-ETH,ETH-CHSB
COVETH,COV-ETH,ETH-COV
DAGETH,DAG-ETH,ETH-DAG
POA20ETH,POA20-ETH,ETH-POA20
XAURETH,XAUR-ETH,ETH-XAUR
RAISEETH,RAISE-ETH,ETH-RAISE
GRINETH,GRIN-ETH,ETH-GRIN
SOLETH,SOL-ETH,ETH-SOL
HITETH,HIT-ETH,ETH-HIT
ETCETH,ETC-ETH,ETH-ETC
BTMCETH,BTMC-ETH,ETH-BTMC
BNBETH,BNB-ETH,ETH-BNB
DAVETH,DAV-ETH,ETH-DAV
NEOETH,NEO-ETH,ETH-NEO
ETLETH,ETL-ETH,ETH-ETL
RBISETH,RBIS-ETH,ETH-RBIS
LRCETH,LRC-ETH,ETH-LRC
ETNETH,ETN-ETH,ETH-ETN
BNKETH,BNK-ETH,ETH-BNK
ETPETH,ETP-ETH,ETH-ETP
MTHETH,MTH-ETH,ETH-MTH
VETETH,VET-ETH,ETH-VET
SPCETH,SPC-ETH,ETH-SPC
BNTETH,BNT-ETH,ETH-BNT
EDGETH,EDG-ETH,ETH-EDG
HTMLETH,HTML-ETH,ETH-HTML
MAIDETH,MAID-ETH,ETH-MAID
DASHETH,DASH-ETH,ETH-DASH
UTKETH,UTK-ETH,ETH-UTK
MTXETH,MTX-ETH,ETH-MTX
UTTETH,UTT-ETH,ETH-UTT
AMBETH,AMB-ETH,ETH-AMB
WIKIETH,WIKI-ETH,ETH-WIKI
MGETH,MG-ETH,ETH-MG
TRXETH,TRX-ETH,ETH-TRX
LSKETH,LSK-ETH,ETH-LSK
ARNXETH,ARNX-ETH,ETH-ARNX
NGCETH,NGC-ETH,ETH-NGC
DCNETH,DCN-ETH,ETH-DCN
DCRETH,DCR-ETH,ETH-DCR
UUUETH,UUU-ETH,ETH-UUU
DATAETH,DATA-ETH,ETH-DATA
PKTETH,PKT-ETH,ETH-PKT
LTCETH,LTC-ETH,ETH-LTC
SENTETH,SENT-ETH,ETH-SENT
STETHETH,STETH-ETH,ETH-STETH
LCXETH,LCX-ETH,ETH-LCX
BOSONETH,BOSON-ETH,ETH-BOSON
PLAETH,PLA-ETH,ETH-PLA
CBCETH,CBC-ETH,ETH-CBC
CRVETH,CRV-ETH,ETH-CRV
EVXETH,EVX-ETH,ETH-EVX
VGXETH,VGX-ETH,ETH-VGX
NXTETH,NXT-ETH,ETH-NXT
SBDETH,SBD-ETH,ETH-SBD
KEYSETH,KEYS-ETH,ETH-KEYS
PLRETH,PLR-ETH,ETH-PLR
XLMETH,XLM-ETH,ETH-XLM
PLUETH,PLU-ETH,ETH-PLU
LINKETH,LINK-ETH,ETH-LINK
QTUMETH,QTUM-ETH,ETH-QTUM
DATXETH,DATX-ETH,ETH-DATX
PMAETH,PMA-ETH,ETH-PMA
HMQETH,HMQ-ETH,ETH-HMQ
VIBETH,VIB-ETH,ETH-VIB
XMCETH,XMC-ETH,ETH-XMC
ORMEUSETH,ORMEUS-ETH,ETH-ORMEUS
NIMETH,NIM-ETH,ETH-NIM
BATETH,BAT-ETH,ETH-BAT
BRDETH,BRD-ETH,ETH-BRD
APEETH,APE-ETH,ETH-APE
JAMETH,JAM-ETH,ETH-JAM
TELETH,TEL-ETH,ETH-TEL
XMRETH,XMR-ETH,ETH-XMR
XMTETH,XMT-ETH,ETH-XMT
DFCUSDT,DFC-USDT,USDT-DFC
AGLDUSDT,AGLD-USDT,USDT-AGLD
IPLUSDT,IPL-USDT,USDT-IPL
GLMUSDT,GLM-USDT,USDT-GLM
NEARUSDT,NEAR-USDT,USDT-NEAR
AUDIOUSDT,AUDIO-USDT,USDT-AUDIO
IPXUSDT,IPX-USDT,USDT-IPX
REVVUSDT,REVV-USDT,USDT-REVV
XNOUSDT,XNO-USDT,USDT-XNO
MIMOUSDT,MIMO-USDT,USDT-MIMO
DGBUSDT,DGB-USDT,USDT-DGB
ZRXUSDT,ZRX-USDT,USDT-ZRX
JULDUSDT,JULD-USDT,USDT-JULD
SANTOSUSDT,SANTOS-USDT,USDT-SANTOS
BCDUSDT,BCD-USDT,USDT-BCD
BCHUSDT,BCH-USDT,USDT-BCH
JSTUSDT,JST-USDT,USDT-JST
ZSCUSDT,ZSC-USDT,USDT-ZSC
CELUSDT,CEL-USDT,USDT-CEL
HOTUSDT,HOT-USDT,USDT-HOT
BCNUSDT,BCN-USDT,USDT-BCN
GMTUSDT,GMT-USDT,USDT-GMT
ARUSDT,AR-USDT,USDT-AR
RAMPUSDT,RAMP-USDT,USDT-RAMP
ABBCUSDT,ABBC-USDT,USDT-ABBC
RCNUSDT,RCN-USDT,USDT-RCN
FLPUSDT,FLP-USDT,USDT-FLP
BDPUSDT,BDP-USDT,USDT-BDP
TUSDT,T-USDT,USDT-T
BDXUSDT,BDX-USDT,USDT-BDX
XPRUSDT,XPR-USDT,USDT-XPR
SFPUSDT,SFP-USDT,USDT-SFP
SEELEUSDT,SEELE-USDT,USDT-SEELE
GOFUSDT,GOF-USDT,USDT-GOF
ARDRUSDT,ARDR-USDT,USDT-ARDR
VLXUSDT,VLX-USDT,USDT-VLX
ACHUSDT,ACH-USDT,USDT-ACH
EKOUSDT,EKO-USDT,USDT-EKO
MINAUSDT,MINA-USDT,USDT-MINA
VTHOUSDT,VTHO-USDT,USDT-VTHO
CWUSDT,CW-USDT,USDT-CW
WOOUSDT,WOO-USDT,USDT-WOO
REIUSDT,REI-USDT,USDT-REI
RENUSDT,REN-USDT,USDT-REN
REMUSDT,REM-USDT,USDT-REM
REPUSDT,REP-USDT,USDT-REP
ELFUSDT,ELF-USDT,USDT-ELF
ADAUSDT,ADA-USDT,USDT-ADA
REQUSDT,REQ-USDT,USDT-REQ
STORJUSDT,STORJ-USDT,USDT-STORJ
PARUSDT,PAR-USDT,USDT-PAR
RARIUSDT,RARI-USDT,USDT-RARI
BZRXUSDT,BZRX-USDT,USDT-BZRX
TONCOINUSDT,TONCOIN-USDT,USDT-TONCOIN
REVUSDT,REV-USDT,USDT-REV
STARLUSDT,STARL-USDT,USDT-STARL
RAREUSDT,RARE-USDT,USDT-RARE
PAXGUSDT,PAXG-USDT,USDT-PAXG
CHRUSDT,CHR-USDT,USDT-CHR
WAVESUSDT,WAVES-USDT,USDT-WAVES
GLEECUSDT,GLEEC-USDT,USDT-GLEEC
CHZUSDT,CHZ-USDT,USDT-CHZ
GASPUSDT,GASP-USDT,USDT-GASP
CEEKUSDT,CEEK-USDT,USDT-CEEK
XRPUSDT,XRP-USDT,USDT-XRP
JASMYUSDT,JASMY-USDT,USDT-JASMY
EMCUSDT,EMC-USDT,USDT-EMC
POLISUSDT,POLIS-USDT,USDT-POLIS
RFRUSDT,RFR-USDT,USDT-RFR
FIDAUSDT,FIDA-USDT,USDT-FIDA
PEARLUSDT,PEARL-USDT,USDT-PEARL
SANDUSDT,SAND-USDT,USDT-SAND
OCEANUSDT,OCEAN-USDT,USDT-OCEAN
UMAUSDT,UMA-USDT,USDT-UMA
SCRTUSDT,SCRT-USDT,USDT-SCRT
WLXTUSDT,WLXT-USDT,USDT-WLXT
RGTUSDT,RGT-USDT,USDT-RGT
ENJUSDT,ENJ-USDT,USDT-ENJ
YFIIUSDT,YFII-USDT,USDT-YFII
OAXUSDT,OAX-USDT,USDT-OAX
GRTUSDT,GRT-USDT,USDT-GRT
TFUELUSDT,TFUEL-USDT,USDT-TFUEL
ENSUSDT,ENS-USDT,USDT-ENS
UNIUSDT,UNI-USDT,USDT-UNI
HUBUSDT,HUB-USDT,USDT-HUB
TLMUSDT,TLM-USDT,USDT-TLM
SBTCUSDT,SBTC-USDT,USDT-SBTC
CKBUSDT,CKB-USDT,USDT-CKB
WRXUSDT,WRX-USDT,USDT-WRX
LUNCUSDT,LUNC-USDT,USDT-LUNC
XTZUSDT,XTZ-USDT,USDT-XTZ
LUNAUSDT,LUNA-USDT,USDT-LUNA
XUCUSDT,XUC-USDT,USDT-XUC
EOSUSDT,EOS-USDT,USDT-EOS
GSTUSDT,GST-USDT,USDT-GST
SWFTCUSDT,SWFTC-USDT,USDT-SWFTC
RIFUSDT,RIF-USDT,USDT-RIF
OCCUSDT,OCC-USDT,USDT-OCC
SKLUSDT,SKL-USDT,USDT-SKL
GTCUSDT,GTC-USDT,USDT-GTC
UOSUSDT,UOS-USDT,USDT-UOS
SOLOUSDT,SOLO-USDT,USDT-SOLO
NAVUSDT,NAV-USDT,USDT-NAV
BYTZUSDT,BYTZ-USDT,USDT-BYTZ
CLOUSDT,CLO-USDT,USDT-CLO
TNCUSDT,TNC-USDT,USDT-TNC
XVGUSDT,XVG-USDT,USDT-XVG
CLTUSDT,CLT-USDT,USDT-CLT
HTUSDT,HT-USDT,USDT-HT
FLOWUSDT,FLOW-USDT,USDT-FLOW
XVSUSDT,XVS-USDT,USDT-XVS
SLPUSDT,SLP-USDT,USDT-SLP
SMARTUSDT,SMART-USDT,USDT-SMART
LAZIOUSDT,LAZIO-USDT,USDT-LAZIO
IQUSDT,IQ-USDT,USDT-IQ
DOTUSDT,DOT-USDT,USDT-DOT
CENNZUSDT,CENNZ-USDT,USDT-CENNZ
EQXUSDT,EQX-USDT,USDT-EQX
1INCHUSDT,1INCH-USDT,USDT-1INCH
CHESSUSDT,CHESS-USDT,USDT-CHESS
MITHUSDT,MITH-USDT,USDT-MITH
BERRYUSDT,BERRY-USDT,USDT-BERRY
CNDUSDT,CND-USDT,USDT-CND
MANUSDT,MAN-USDT,USDT-MAN
SMTUSDT,SMT-USDT,USDT-SMT
NCTUSDT,NCT-USDT,USDT-NCT
FTMUSDT,FTM-USDT,USDT-FTM
EVERUSDT,EVER-USDT,USDT-EVER
FTTUSDT,FTT-USDT,USDT-FTT
CNSUSDT,CNS-USDT,USDT-CNS
SNCUSDT,SNC-USDT,USDT-SNC
PHBUSDT,PHB-USDT,USDT-PHB
ATOMUSDT,ATOM-USDT,USDT-ATOM
MBLUSDT,MBL-USDT,USDT-MBL
MTLXUSDT,MTLX-USDT,USDT-MTLX
SNTUSDT,SNT-USDT,USDT-SNT
SNXUSDT,SNX-USDT,USDT-SNX
FUNUSDT,FUN-USDT,USDT-FUN
CVNXUSDT,CVNX-USDT,USDT-CVNX
WLITIUSDT,WLITI-USDT,USDT-WLITI
LTNMUSDT,LTNM-USDT,USDT-LTNM
API3USDT,API3-USDT,USDT-API3
USGUSDT,USG-USDT,USDT-USG
SATTUSDT,SATT-USDT,USDT-SATT
ROSEUSDT,ROSE-USDT,USDT-ROSE
CHSBUSDT,CHSB-USDT,USDT-CHSB
XYMUSDT,XYM-USDT,USDT-XYM
XYOUSDT,XYO-USDT,USDT-XYO
SOLUSDT,SOL-USDT,USDT-SOL
CITYUSDT,CITY-USDT,USDT-CITY
ETCUSDT,ETC-USDT,USDT-ETC
BNBUSDT,BNB-USDT,USDT-BNB
BTMCUSDT,BTMC-USDT,USDT-BTMC
CELRUSDT,CELR-USDT,USDT-CELR
OGNUSDT,OGN-USDT,USDT-OGN
ETHUSDT,ETH-USDT,USDT-ETH
NEOUSDT,NEO-USDT,USDT-NEO
CELOUSDT,CELO-USDT,USDT-CELO
TOMOUSDT,TOMO-USDT,USDT-TOMO
KLAYUSDT,KLAY-USDT,USDT-KLAY
AUCTIONUSDT,AUCTION-USDT,USDT-AUCTION
ETLUSDT,ETL-USDT,USDT-ETL
BADGERUSDT,BADGER-USDT,USDT-BADGER
BNKUSDT,BNK-USDT,USDT-BNK
ETNUSDT,ETN-USDT,USDT-ETN
ETPUSDT,ETP-USDT,USDT-ETP
SPCUSDT,SPC-USDT,USDT-SPC
BNTUSDT,BNT-USDT,USDT-BNT
VALUEUSDT,VALUE-USDT,USDT-VALUE
MAIDUSDT,MAID-USDT,USDT-MAID
BNXUSDT,BNX-USDT,USDT-BNX
UTKUSDT,UTK-USDT,USDT-UTK
SPIUSDT,SPI-USDT,USDT-SPI
UTTUSDT,UTT-USDT,USDT-UTT
MCUSDT,MC-USDT,USDT-MC
TRUUSDT,TRU-USDT,USDT-TRU
AMBUSDT,AMB-USDT,USDT-AMB
MGUSDT,MG-USDT,USDT-MG
TRXUSDT,TRX-USDT,USDT-TRX
MDTUSDT,MDT-USDT,USDT-MDT
MDXUSDT,MDX-USDT,USDT-MDX
AMPUSDT,AMP-USDT,USDT-AMP
NULSUSDT,NULS-USDT,USDT-NULS
NGCUSDT,NGC-USDT,USDT-NGC
AUTOUSDT,AUTO-USDT,USDT-AUTO
EGLDUSDT,EGLD-USDT,USDT-EGLD
SPELLUSDT,SPELL-USDT,USDT-SPELL
BOSONUSDT,BOSON-USDT,USDT-BOSON
PLAUSDT,PLA-USDT,USDT-PLA
EVXUSDT,EVX-USDT,USDT-EVX
CRVUSDT,CRV-USDT,USDT-CRV
BAKEUSDT,BAKE-USDT,USDT-BAKE
PLIUSDT,PLI-USDT,USDT-PLI
LEVLUSDT,LEVL-USDT,USDT-LEVL
SRMUSDT,SRM-USDT,USDT-SRM
TORNUSDT,TORN-USDT,USDT-TORN
QNTUSDT,QNT-USDT,USDT-QNT
PLRUSDT,PLR-USDT,USDT-PLR
ALICEUSDT,ALICE-USDT,USDT-ALICE
KEYSUSDT,KEYS-USDT,USDT-KEYS
BIZZUSDT,BIZZ-USDT,USDT-BIZZ
MFTUSDT,MFT-USDT,USDT-MFT
OMUSDT,OM-USDT,USDT-OM
PMAUSDT,PMA-USDT,USDT-PMA
OKBUSDT,OKB-USDT,USDT-OKB
BETAUSDT,BETA-USDT,USDT-BETA
BRDUSDT,BRD-USDT,USDT-BRD
APEUSDT,APE-USDT,USDT-APE
LEOUSDT,LEO-USDT,USDT-LEO
JAMUSDT,JAM-USDT,USDT-JAM
KCSUSDT,KCS-USDT,USDT-KCS
CTKUSDT,CTK-USDT,USDT-CTK
ARPAUSDT,ARPA-USDT,USDT-ARPA
ALCXUSDT,ALCX-USDT,USDT-ALCX
MATICUSDT,MATIC-USDT,USDT-MATIC
STCUSDT,STC-USDT,USDT-STC
APTUSDT,APT-USDT,USDT-APT
ZAPUSDT,ZAP-USDT,USDT-ZAP
SHIBUSDT,SHIB-USDT,USDT-SHIB
QIUSDT,QI-USDT,USDT-QI
DENTUSDT,DENT-USDT,USDT-DENT
BCPTUSDT,BCPT-USDT,USDT-BCPT
MBOXUSDT,MBOX-USDT,USDT-MBOX
SUBUSDT,SUB-USDT,USDT-SUB
CURUSDT,CUR-USDT,USDT-CUR
POAUSDT,POA-USDT,USDT-POA
BSVUSDT,BSV-USDT,USDT-BSV
IOSTUSDT,IOST-USDT,USDT-IOST
CAKEUSDT,CAKE-USDT,USDT-CAKE
OMGUSDT,OMG-USDT,USDT-OMG
SUNUSDT,SUN-USDT,USDT-SUN
ARRRUSDT,ARRR-USDT,USDT-ARRR
RSRUSDT,RSR-USDT,USDT-RSR
NKNUSDT,NKN-USDT,USDT-NKN
TWTUSDT,TWT-USDT,USDT-TWT
CVCUSDT,CVC-USDT,USDT-CVC
IOTAUSDT,IOTA-USDT,USDT-IOTA
REEFUSDT,REEF-USDT,USDT-REEF
BTGUSDT,BTG-USDT,USDT-BTG
MIRUSDT,MIR-USDT,USDT-MIR
ARKUSDT,ARK-USDT,USDT-ARK
LOKAUSDT,LOKA-USDT,USDT-LOKA
CVPUSDT,CVP-USDT,USDT-CVP
KEYUSDT,KEY-USDT,USDT-KEY
CVTUSDT,CVT-USDT,USDT-CVT
PPCUSDT,PPC-USDT,USDT-PPC
ARVUSDT,ARV-USDT,USDT-ARV
ONEUSDT,ONE-USDT,USDT-ONE
ADXNUSDT,ADXN-USDT,USDT-ADXN
CSOVUSDT,CSOV-USDT,USDT-CSOV
ONGUSDT,ONG-USDT,USDT-ONG
ANKRUSDT,ANKR-USDT,USDT-ANKR
SUSHIUSDT,SUSHI-USDT,USDT-SUSHI
ALGOUSDT,ALGO-USDT,USDT-ALGO
USNOTAUSDT,USNOTA-USDT,USDT-USNOTA
WBTCUSDT,WBTC-USDT,USDT-WBTC
ONTUSDT,ONT-USDT,USDT-ONT
DGTXUSDT,DGTX-USDT,USDT-DGTX
ASPUSDT,ASP-USDT,USDT-ASP
FIROUSDT,FIRO-USDT,USDT-FIRO
HEDGUSDT,HEDG-USDT,USDT-HEDG
MANAUSDT,MANA-USDT,USDT-MANA
SWMUSDT,SWM-USDT,USDT-SWM
STAKUSDT,STAK-USDT,USDT-STAK
ATAUSDT,ATA-USDT,USDT-ATA
NMRUSDT,NMR-USDT,USDT-NMR
MKRUSDT,MKR-USDT,USDT-MKR
DODOUSDT,DODO-USDT,USDT-DODO
ICPUSDT,ICP-USDT,USDT-ICP
ZECUSDT,ZEC-USDT,USDT-ZEC
ATMUSDT,ATM-USDT,USDT-ATM
CUTEUSDT,CUTE-USDT,USDT-CUTE
APPCUSDT,APPC-USDT,USDT-APPC
ICXUSDT,ICX-USDT,USDT-ICX
TTUSDT,TT-USDT,USDT-TT
ZENUSDT,ZEN-USDT,USDT-ZEN
TVUSDT,TV-USDT,USDT-TV
DUSKUSDT,DUSK-USDT,USDT-DUSK
ALPHAUSDT,ALPHA-USDT,USDT-ALPHA
DOGEUSDT,DOGE-USDT,USDT-DOGE
SXPUSDT,SXP-USDT,USDT-SXP
HBARUSDT,HBAR-USDT,USDT-HBAR
BCUGUSDT,BCUG-USDT,USDT-BCUG
XPNTUSDT,XPNT-USDT,USDT-XPNT
CTSIUSDT,CTSI-USDT,USDT-CTSI
C98USDT,C98-USDT,USDT-C98
NOFUSDT,NOF-USDT,USDT-NOF
PSLUSDT,PSL-USDT,USDT-PSL
CRPTUSDT,CRPT-USDT,USDT-CRPT
AVAUSDT,AVA-USDT,USDT-AVA
COCOSUSDT,COCOS-USDT,USDT-COCOS
KINUSDT,KIN-USDT,USDT-KIN
GASUSDT,GAS-USDT,USDT-GAS
CROOLDUSDT,CROOLD-USDT,USDT-CROOLD
XCHUSDT,XCH-USDT,USDT-XCH
STRATUSDT,STRAT-USDT,USDT-STRAT
THETAUSDT,THETA-USDT,USDT-THETA
VSYSUSDT,VSYS-USDT,USDT-VSYS
INSURUSDT,INSUR-USDT,USDT-INSUR
XCNUSDT,XCN-USDT,USDT-XCN
TTCCUSDT,TTCC-USDT,USDT-TTCC
NEXOUSDT,NEXO-USDT,USDT-NEXO
ORNUSDT,ORN-USDT,USDT-ORN
PERLUSDT,PERL-USDT,USDT-PERL
MASKUSDT,MASK-USDT,USDT-MASK
FRINUSDT,FRIN-USDT,USDT-FRIN
AAVEUSDT,AAVE-USDT,USDT-AAVE
XDCUSDT,XDC-USDT,USDT-XDC
PERPUSDT,PERP-USDT,USDT-PERP
YFIUSDT,YFI-USDT,USDT-YFI
MOBUSDT,MOB-USDT,USDT-MOB
XDNUSDT,XDN-USDT,USDT-XDN
BICOUSDT,BICO-USDT,USDT-BICO
XECUSDT,XEC-USDT,USDT-XEC
YGGUSDT,YGG-USDT,USDT-YGG
AXSUSDT,AXS-USDT,USDT-AXS
ZILUSDT,ZIL-USDT,USDT-ZIL
XEMUSDT,XEM-USDT,USDT-XEM
CTXCUSDT,CTXC-USDT,USDT-CTXC
TRACUSDT,TRAC-USDT,USDT-TRAC
AYAUSDT,AYA-USDT,USDT-AYA
DACXIUSDT,DACXI-USDT,USDT-DACXI
COMPUSDT,COMP-USDT,USDT-COMP
IHTUSDT,IHT-USDT,USDT-IHT
HFTUSDT,HFT-USDT,USDT-HFT
RUNEUSDT,RUNE-USDT,USDT-RUNE
LOCUSDT,LOC-USDT,USDT-LOC
DAPPUSDT,DAPP-USDT,USDT-DAPP
FORTHUSDT,FORTH-USDT,USDT-FORTH
GHSTUSDT,GHST-USDT,USDT-GHST
KMDUSDT,KMD-USDT,USDT-KMD
IDEXUSDT,IDEX-USDT,USDT-IDEX
AVAXUSDT,AVAX-USDT,USDT-AVAX
KNCUSDT,KNC-USDT,USDT-KNC
ZKSUSDT,ZKS-USDT,USDT-ZKS
CHATUSDT,CHAT-USDT,USDT-CHAT
LPTUSDT,LPT-USDT,USDT-LPT
HIVEUSDT,HIVE-USDT,USDT-HIVE
G999USDT,G999-USDT,USDT-G999
FDZUSDT,FDZ-USDT,USDT-FDZ
PORTOUSDT,PORTO-USDT,USDT-PORTO
BTRSTUSDT,BTRST-USDT,USDT-BTRST
PYRUSDT,PYR-USDT,USDT-PYR
WAXPUSDT,WAXP-USDT,USDT-WAXP
SUKUUSDT,SUKU-USDT,USDT-SUKU
POA20USDT,POA20-USDT,USDT-POA20
NUTUSDT,NUT-USDT,USDT-NUT
GRINUSDT,GRIN-USDT,USDT-GRIN
HITUSDT,HIT-USDT,USDT-HIT
DARUSDT,DAR-USDT,USDT-DAR
RBISUSDT,RBIS-USDT,USDT-RBIS
VETUSDT,VET-USDT,USDT-VET
ALPACAUSDT,ALPACA-USDT,USDT-ALPACA
EDGUSDT,EDG-USDT,USDT-EDG
HTMLUSDT,HTML-USDT,USDT-HTML
OXTUSDT,OXT-USDT,USDT-OXT
DASHUSDT,DASH-USDT,USDT-DASH
SWRVUSDT,SWRV-USDT,USDT-SWRV
MTXUSDT,MTX-USDT,USDT-MTX
ILVUSDT,ILV-USDT,USDT-ILV
WIKIUSDT,WIKI-USDT,USDT-WIKI
BTCSTUSDT,BTCST-USDT,USDT-BTCST
NWCUSDT,NWC-USDT,USDT-NWC
JOEUSDT,JOE-USDT,USDT-JOE
LSKUSDT,LSK-USDT,USDT-LSK
DCNUSDT,DCN-USDT,USDT-DCN
DCRUSDT,DCR-USDT,USDT-DCR
IMXUSDT,IMX-USDT,USDT-IMX
DATAUSDT,DATA-USDT,USDT-DATA
LTCUSDT,LTC-USDT,USDT-LTC
WINUSDT,WIN-USDT,USDT-WIN
SENTUSDT,SENT-USDT,USDT-SENT
STETHUSDT,STETH-USDT,USDT-STETH
INJUSDT,INJ-USDT,USDT-INJ
CBCUSDT,CBC-USDT,USDT-CBC
VGXUSDT,VGX-USDT,USDT-VGX
TRIBEUSDT,TRIBE-USDT,USDT-TRIBE
EFIUSDT,EFI-USDT,USDT-EFI
DYDXUSDT,DYDX-USDT,USDT-DYDX
NXTUSDT,NXT-USDT,USDT-NXT
PONDUSDT,POND-USDT,USDT-POND
LINAUSDT,LINA-USDT,USDT-LINA
SBDUSDT,SBD-USDT,USDT-SBD
XLMUSDT,XLM-USDT,USDT-XLM
LINKUSDT,LINK-USDT,USDT-LINK
QTUMUSDT,QTUM-USDT,USDT-QTUM
SUPERUSDT,SUPER-USDT,USDT-SUPER
POLSUSDT,POLS-USDT,USDT-POLS
KSMUSDT,KSM-USDT,USDT-KSM
FILUSDT,FIL-USDT,USDT-FIL
RNDRUSDT,RNDR-USDT,USDT-RNDR
BALUSDT,BAL-USDT,USDT-BAL
VIBUSDT,VIB-USDT,USDT-VIB
GALAUSDT,GALA-USDT,USDT-GALA
XMCUSDT,XMC-USDT,USDT-XMC
STNDUSDT,STND-USDT,USDT-STND
RADUSDT,RAD-USDT,USDT-RAD
BATUSDT,BAT-USDT,USDT-BAT
AKROUSDT,AKRO-USDT,USDT-AKRO
MOVRUSDT,MOVR-USDT,USDT-MOVR
XMRUSDT,XMR-USDT,USDT-XMR
COTIUSDT,COTI-USDT,USDT-COTI

ETHBTC,ETH-BTC,BTC-ETH
ETHUSDT,ETH-USDT,USDT-ETH
BTCUSDT,BTC-USDT,USDT-BTC
